2026-10-08T16:00:00+07:00,ฝนตก,1.92
2026-10-08T19:00:00+07:00,ฝนตก,1.84
2026-10-08T22:00:00+07:00,มีเมฆ,18
2026-10-09T01:00:00+07:00,มีเมฆ,28
2026-10-09T04:00:00+07:00,มีเมฆ,98
2026-10-09T07:00:00+07:00,มีเมฆ,80
2026-10-09T10:00:00+07:00,มีเมฆ,21
2026-10-09T13:00:00+07:00,ฝนตก,0.22
2026-10-09T16:00:00+07:00,ฝนตก,0.2
2026-10-09T19:00:00+07:00,ฝนตก,0.12
2026-10-09T22:00:00+07:00,มีเมฆ,66
2026-10-10T01:00:00+07:00,มีเมฆ,79
2026-10-10T04:00:00+07:00,มีเมฆ,99
2026-10-10T07:00:00+07:00,มีเมฆ,91
2026-10-10T10:00:00+07:00,ฝนตก,2.04
2026-10-10T13:00:00+07:00,ฝนตก,0.5
2026-10-10T16:00:00+07:00,ฝนตก,0.61
2026-10-10T19:00:00+07:00,ฝนตก,0.39
2026-10-10T22:00:00+07:00,ฝนตก,2.05
2026-10-11T01:00:00+07:00,ฝนตก,0.7
2026-10-11T04:00:00+07:00,ฝนตก,3.67
2026-10-11T07:00:00+07:00,ฝนตก,3.67
2026-10-11T10:00:00+07:00,ฝนตก,1.7
2026-10-11T13:00:00+07:00,ฝนตก,2.19
2026-10-11T16:00:00+07:00,ฝนตก,7.55
2026-10-11T19:00:00+07:00,ฝนตก,3.27
2026-10-11T22:00:00+07:00,ฝนตก,1.15
2026-10-12T01:00:00+07:00,ฝนตก,2.9
2026-10-12T04:00:00+07:00,ฝนตก,4.25
2026-10-12T07:00:00+07:00,ฝนตก,1.55
2026-10-12T10:00:00+07:00,ฝนตก,0.35
2026-10-12T13:00:00+07:00,มีเมฆ,93
2026-10-12T16:00:00+07:00,ฝนตก,0.12
2026-10-12T19:00:00+07:00,ฝนตก,0.23
2026-10-12T22:00:00+07:00,มีเมฆ,63
2026-10-13T01:00:00+07:00,มีเมฆ,52
2026-10-13T04:00:00+07:00,มีเมฆ,24
2026-10-13T07:00:00+07:00,มีเมฆ,21
2026-10-13T10:00:00+07:00,มีเมฆ,48
2026-10-13T13:00:00+07:00,ฝนตก,0.24
